tokoh,text
Sri Mulyani Indrawati,kalau benar yg di katakan Ra due utek....anda jadi Mentri karena Guru...
Sri Mulyani Indrawati,"Bismillah
Nanti bln Oktober 2025
Bpk Prabowo satu tahun
Maaf pak 
Jika bpk setuju dgn saran saya 



 M"
Purbaya Yudhi Sadewa,"Lumayan 3 bln blt, buat modal judol...."
Purbaya Yudhi Sadewa,Yaaaaaa legmitasinya di backup rakyat lah pak rocky
Sri Mulyani Indrawati,KAPAN HAJATAN BU ?...Inget Pajak
Sri Mulyani Indrawati,ğŸ˜ ğŸ˜ ğŸ˜ ğŸ˜ ğŸ˜ ğŸ˜¡ğŸ˜¡ğŸ˜¡ğŸ˜¡ğŸ˜¡ğŸ¤¬ğŸ¤¬ğŸ¤¬ğŸ¤¬ğŸ¤¬
Sri Mulyani Indrawati,"We appreciate the Indonesian government's commitment to maintaining fiscal discipline and focusing on national priority programs, as conveyed in the exclusive interview at the AIIB meeting in Beijing. However, we would like to offer some important inputs regarding the protection and strengthening of Micro, Small, and Medium Enterprises (MSMEs) in Indonesia, which are currently facing significant challenges.

1. MSMEs as the Backbone of the Economy That Need Special Protection
MSMEs contribute more than 60% of GDP and absorb 97% of the national workforce. However, with the increase in selling costs on digital platforms by up to 40%, as well as unfair competition from cheap imported products entering bonded zones without tax burdens, local MSMEs are increasingly pressured. This condition has the potential to weaken the people's economy foundation, which has been the main pillar of national development.

2. Balance Between Fiscal Discipline and Support for MSMEs
While understanding the importance of fiscal discipline, we hope for more proactive fiscal policies that provide incentives and fiscal support for MSMEs, such as reducing digital transaction costs, easing access to credit, and strengthening supervision of bonded zones to prevent misuse for tax-free imported goods that harm MSMEs.

3. Expanding Fiscal Policy Focus to the MSME Sector
In addition to priorities on education, infrastructure, and food security, we hope MSMEs receive a greater share of attention in budget reallocations and priority programs, considering their strategic role in post-pandemic economic recovery and facing global economic uncertainties.

4. Strengthening Fair Digital Taxation
The government needs to ensure that digital taxation policies and law enforcement do not burden MSMEs but rather create a fair ecosystem that supports the growth of small businesses so they can compete healthily in the digital market.

5. Transparency and Communication of MSME Policies
We also expect more intensive and transparent communication from the Ministry of Finance regarding policies that directly impact MSMEs, so that small business actors can understand and optimally utilize various government programs.

By taking these inputs into account, we believe Indonesiaâ€™s fiscal and economic policies will become more inclusive and sustainable, enabling MSMEs to continue being a strong and independent backbone of the national economy, while supporting Indonesiaâ€™s grand development vision for the future."
Sri Mulyani Indrawati,"ğ‘©ğ’–ğ’‚ğ’• ğ’‚ğ’‘ğ’‚ ğ’ğ’†ğ’ğ’‘ğ’ğ’”ğ’•ğ’Šğ’ğ’ˆ ğ’‚ğ’„ğ’‚ğ’“ğ’‚ ğ’…ğ’†ğ’ƒğ’‚ğ’•/ ğ’…ğ’Šğ’”ğ’Œğ’–ğ’”ğ’Š ğ’šğ’ˆ ğ’”ğ’–ğ’…ğ’‚ğ’‰ ğ’ğ’Šğ’˜ğ’‚ğ’•
ğ‘®ğ’‚ ğ’‚ğ’…ğ’‚ ğ’Œğ’†ğ’“ğ’‹ğ’‚ğ’‚ğ’ ğ’ğ’‚ğ’Šğ’ ğ’šğ’‚ ?
ğ‘´ğ’–ğ’‚ğ’• ğ’•ğ’ğ’‘ğ’Šğ’Œ ğ’šğ’ˆ ğ’…ğ’Šğ’ğ’Šğ’ğ’•ğ’‚ ğ’‘ğ’‚ğ’Œ ğ‘·ğ’“ğ’‚ğ’ƒğ’ğ’˜ğ’ ğ’…ğ’‚ğ’ ğ’‘ğ’‚ğ’Œ ğ‘·ğ’–ğ’“ğ’ƒğ’‚ğ’šğ’‚ ğ’…ğ’‚ğ’“ğ’Š
ğ‘«ğ‘·ğ‘¹, ğ’Œğ’Šğ’•ğ’‚ ğ’“ğ’‚ğ’Œğ’šğ’‚ğ’• ğ’šğ’ˆ ğ’Œğ’‚ğ’ğ’Šğ’‚ğ’ ğ’˜ğ’‚ğ’Œğ’Šğ’ğ’Š ğ’Šğ’ğ’ˆğ’Šğ’ ğ’•ğ’‚ğ’‰ğ’– ğ’‹ğ’‚ğ’˜ğ’‚ğ’ƒğ’‚ğ’ ğ’‘ğ’ğ’”ğ’Šğ’•ğ’Šğ’‡ ğ’Œğ’‚ğ’ğ’Šğ’‚ğ’.,."
Sri Mulyani Indrawati,"GUE  AJA BINGUNG DATA NYA TIDAK ADA  .APALAGI DPR .PUYENG""   KALO ORANG BISA DI  AKALIN  ASING MAH ."
Sri Mulyani Indrawati,"jamane jaman fitnah, kebanyakan menungso iso ndelok ele'e wong lio tapi ora iso ndelok ele'e dewe.............."
Sri Mulyani Indrawati,"Negara banyak hutang sebab kamu . Menteri"" DPR dll nya banyak korup sebab pasukan Negara termasuk kamu. Macam"" pajak di kenakan kpd rakyat menengah kebawah jugak sebab kamu. Rakyat menderita sebab kamu . Apa yg kamu jaga wahai Mbaksri?"
Sri Mulyani Indrawati,"Sekelas Mentri Masa ga ada antisipasi, sudah kejadian baru di jagağŸ˜…"
Sri Mulyani Indrawati,"No priority on long term productivity like infrastructure & R&D. Definitely, messed up!"
Sri Mulyani Indrawati,"Ini Sri Mulyani kenapa selalu dipakai terus dalam setiap kabinet pemerintahan ya, apa ngga ada orang lain lagi ??!"
Sri Mulyani Indrawati,Program memperkaya pejabat kok gak di sebut
Purbaya Yudhi Sadewa,â¤â¤â¤â¤â¤â¤â¤ğŸ‡®ğŸ‡©ğŸ‡®ğŸ‡©ğŸ‡®ğŸ‡©ğŸ‡®ğŸ‡©ğŸ‡®ğŸ‡©
Sri Mulyani Indrawati,Menteri tukang cekek leher rakyat
Sri Mulyani Indrawati,Stupidest minister
Sri Mulyani Indrawati,Turunkan seri mulyani
Sri Mulyani Indrawati,Yah sudah di jarah baru di jaga ğŸ˜‚
Purbaya Yudhi Sadewa,"Dana yang lemprkan Purbaya ibarat RACUN   untuk menghabiskan tikus-tikus yang menggerogoti uang di Brangkas BNI  mantap lanjutkan agar tikus-tikus mati ...Allahu Akhbar 3x  .....tangkap tikus nya â¤agar utang Negara Ter bayar ....dari daratan  ASENG -ASENG ...OK 
ALLAHU AKBAR 3X"
Sri Mulyani Indrawati,"ini termul menggonggong muter"" jelasinya 
harusnya kpk langsung tangkap aja"
Sri Mulyani Indrawati,"Pimpin terus Buu pejabat pejabat meminjam uang kepada pihak barat yg bayar hutang bukan pejabat ini tapi rakyat rakyat yg sekarat,,, Hidup Bu Sri Mulyani pahlawan ekonomi untuk bangsa barat,,, Masyarakat barat sangat berterima kasih kepada ibu,,,, Meminjam dana atau uang besar besaran kepihak perbankan milik negara negara barat sama saja ibu mensejahterakan rakyat rakyat barat,,, Rakyatnya sendiri sekarat"
Purbaya Yudhi Sadewa,"Jika orang lain berkelakar menyimak ini, tp ko saya haru ya.. smg pak presiden sehat selalu"
Sri Mulyani Indrawati,"*SWEEP KETUAPARTAI SIPIT G.SOLO*
ğŸª“
TEBAS PARCOK LISGIT  INDOBUBAR
DUDUKI DEWAN PECINAAN RAKYAT
RUNTUHKAN GIBRANJOKOMUNIS"
Sri Mulyani Indrawati,dari wajah aja menyebalkan luar biasa si sri mulyani terkutuk ini
Sri Mulyani Indrawati,"Pajak pajak pajak,,  negara lain saat ekonomi menurun pajak jg turun,, di  negara konoha,, pajak naik ditambah pajak baru ... ğŸ˜¢"
Sri Mulyani Indrawati,Udah mundur aja selalu keuntungan kau pikirkan makanya semua kau pajakin
Purbaya Yudhi Sadewa,Pinter
Sri Mulyani Indrawati,"ASLINYA ORANG INI GA BISA KERJA, GA NGERASA KLO SEMUANYA ITU UANG DARI RAKYAT... ALHAMDULILLAH SUDAH DAPAT PENGGANTI ğŸ™ğŸ»ğŸ™ğŸ»ğŸ™ğŸ»"
Sri Mulyani Indrawati,"Bagikan uang sitaan koruptor, ke masyarakat,,"
Sri Mulyani Indrawati,"Udah ribut baru bilang hoak,,,,dasar pemerintah iblis ,
Pejabat sekarang adalah beban rakyat ,,,,,,,,"
Sri Mulyani Indrawati,Mundurlah ğŸ˜‚ğŸ˜‚ğŸ˜‚ dan pulangkan ke AS
Purbaya Yudhi Sadewa,"PANTANG MUNDUR RAWE RAWE RANTAS MALANG MALANG PUTUNG .SIKAT PEJABAT YG INGIN INDONESIA HANCUR,MAJU  TERUS PAK PURBAYA RAKYAT MENDUKUNGMU."
Sri Mulyani Indrawati,Dia takut di demo guru..keceplosan..alasan edit AI... makanya jaga mulut busukmu...dasar memek BUSUK.
Sri Mulyani Indrawati,"Rakyat slalu d bebani PJK trs apakah PJK bener"" tepat sasaran bukan untuk kkayaan pribadi contoh udah bnyak untuk beli robicon itu udah nyata"
Sri Mulyani Indrawati,"Srimul Banyak Omong agar Kelihatan PINTAR , Padahal Kemampuannya Hanya Naikkan Pajak dan Tarik Pajak dari RAKYAT , Hasil Pajak dinikmati Para Elit Untuk di KORUP , Itulah Preatasi SRI MULYAN"
Sri Mulyani Indrawati,Guru sudah banyak PUASA karena digaji kecil masih dikatakan BEBANâ€¦
Purbaya Yudhi Sadewa,"NGOCEH AYAM GORENG ROCKY 
KAWIN CEPET BRO"
Sri Mulyani Indrawati,Untung di ganti tuh nenek kl gk di ganti di jamin indonesia bkl ke urugaan utang..si nene agen IMF
Purbaya Yudhi Sadewa,jokowi g bakal masuk penjara krn prabowo bukan takut jokowi tapu takit oligarki kayaknya
Purbaya Yudhi Sadewa,.Janan mau ngara di atur sama opung LBP.
Sri Mulyani Indrawati,Hukum rakyat emng harus di sahkn ini buat para bajing2 DPR dan Para korupsi...yaitu PEJARAHAN...
Sri Mulyani Indrawati,Srimulyani harus diganti dengan rike
Sri Mulyani Indrawati,Kau jaga Amana kau pencuri
Purbaya Yudhi Sadewa,Koran aja dibuat besar besar tapi tulisanya kecil kecil. Semoga better Pak Prabowo ğŸ˜‚ğŸ‘
Purbaya Yudhi Sadewa,"Jika mereka tidak Kropsi atau. Maling duit negara Jokowi, Luhut Binsar, Hasan Nasbi tidak perlu resah, dengan Menteri Purbaya. Ini sangat bagus dgn keterbukaan. Untuk kemajuan ekonomi Indonesia . Sikat terus Pak Purbaya Terutama Mafia mafia Pajak & Bea Cukai , yang bekerja sama dgn oknum pejabat pajak dan Bea Cukai. Kerja sama dengan penegak Hukum membongkar kasus kasus ini. Jangan pedulikan omongan Si Hasan Nasbi dan kawan kawannya."
Sri Mulyani Indrawati,Anjing kemajuan goblok rakyat makin sengsara.. Pejabat bajingan. Ngga ada gunanya untuk rakyat.. Banyak bacot aja mentri. ++ pelacur anggaran ++
Sri Mulyani Indrawati,Alat elit
Sri Mulyani Indrawati,Ssmpah
Sri Mulyani Indrawati,Gaji seorang DPR boleh bayar berapa orang guru?
Sri Mulyani Indrawati,Editan AI ğŸ˜‚
Sri Mulyani Indrawati,Tail tidy bra hahaha...
Purbaya Yudhi Sadewa,"Wkt debat kek kaku bgt pak subi.
Skrng ngmng nya teges2 bgt.

Hebat pak.subi menekankan pendidikan sgt2 ketat bgt.semoga semua element dibawahnnya mendukung"
Purbaya Yudhi Sadewa,ğŸ‘ğŸ‘ğŸ‘
Sri Mulyani Indrawati,semoga mundur beneran.. aku sudah muak kebijaka2 yg ditetapkan dia... menteri governement oriented.. sebodo rakyat miskin diperaa habis habisan... asal orang2 yg punya kewenangan mendukunh dia seperti anggota Dewan dll sejahtera.... dan dia melenggang dengan segala kebijaknnya.... tabpa halangan.... aku sama sekali muak dengan dia..
Sri Mulyani Indrawati,Najis x q lihat muka wanita ini
Sri Mulyani Indrawati,Beban negara itu pejabat yg pajak nya dari duit rakyat
Purbaya Yudhi Sadewa,Partai politik MUI.....
Sri Mulyani Indrawati,"Selagi kampanye bicara muluk2 gaji naik masarakat sejahtera buktinya mana???
Kalau sudah duduk lupa berdiri tinggal ngitung berapa habis uang waktu kampanye itu semua harus terganti makanya sekali lagi tidak ada otu naik gaji.
Paling gampang naik becak muter2 senang deeehhh.."
Sri Mulyani Indrawati,"Cape banget lihat menteri satu ini, setiap dia punya kebijakan, sangat meresahkan, berilmu tapi menyusahkan"
Sri Mulyani Indrawati,"Mending mundur , gara2 sri mulyani . Disegala lini ada pajak"
Sri Mulyani Indrawati,Maunya siluhut juga mundur dong biar Indonesia aman dan tentram
Sri Mulyani Indrawati,Basi  kalian semua
Purbaya Yudhi Sadewa,Ayo kita jaga p.prabowo cs dalam memberantas koruptor dan mafia ini tidak mudah resiko nyawa....ayo nusantara bangkit...baru taukan buzzer itu bentukan preiden lama dibayar uang rakyat
Purbaya Yudhi Sadewa,Patut di bubarkan DPR..
Sri Mulyani Indrawati,Koruptor politikus beban negara... bubar !!!
Purbaya Yudhi Sadewa,Kondisi keuangan RI jaman srimulyani disetir sama Mulyono dibagi2 ke BUMN2 bekal nyapres 3 periode
Sri Mulyani Indrawati,"Berarti Presidennya sama Mentrinya samaÂ² Harus diselidiki NarasiÂ² gak Genah, Dari Ucapan Sisir Berarti Negara Kita Miskin Bangeet, Pantes Semua di Pajakin, Sampai Tukang Becak Dan Jojol juga di Pajakin, Waktun itu ya,"
Purbaya Yudhi Sadewa,"Kalau mau sindir Mulyani, ya jangan dihapus NOL-nya yang di uang Rupiah kita. Menghapus NOL-nya dari Rupiah = menutupi / melupakan kesalahannya Mulyani."
Purbaya Yudhi Sadewa,Prabowo punya pabrik kertas lebih dari satu betewe hehehheâ€¦ ada udang dibalik bakwan
Sri Mulyani Indrawati,"Markonah GK bkal mundur ,,syang lah,,Si Ratu Broker UTANG,, tkut fee dari Rentenir ilang ,,93,Trilyun Wowo hartanya Sri Markonah,,,"
Sri Mulyani Indrawati,Yang jadi beban negara itu elo..bukan guru..nyalahin guru
Sri Mulyani Indrawati,Hilang sudah kesabaran rakyat Indonesia terhadap maling uang rakyat
Sri Mulyani Indrawati,Luhut tito mundur
Sri Mulyani Indrawati,One of the best TAX MINISTER IN THER WORLD SRI MULSHIT!!
Sri Mulyani Indrawati,"KPK TOLONG CEK SRI MULYANI.... MENTERI KOK HARTA NYA EDAN.... SAYA GA PERCAYA...... 
TONG CEK KPK...   Jngan sampe rakyat mode perampasan aset lagi oleh rakyat"
Sri Mulyani Indrawati,Sripecatttttr
Purbaya Yudhi Sadewa,"Gda bgus""nya bgt sih tuhkomment hadeuhhh , kayadirinyapalingokeaja ygpenting kinerjanyaokedanamanahcoyyyğŸ˜‚ğŸ˜‚ğŸ˜‚"
Sri Mulyani Indrawati,. Mohon bapa presiden negara ini bukan negara konten  yang membahas  segala macem  terus di kontenin pidato nya apa. .berita.nya  tentang kenaikan gajih lah .tentang pesangon lah tapi kenyataan nya kenaikan gajih belom jelas selalu berita nya plin plan nanti bilang nya naik.  200 persen terus ada lagi 100 persen ada.lagi.80 persen  adalagi 16 persen mana ini jangan jangan bulan ini atau taun ini engga ada kenaik kan cuman  akal akalan yutub  engga punya otak
Purbaya Yudhi Sadewa,"PIDATO BPK INI LUAR BIASA  . CEPAT ,, MAU MEMBANTU JEMBATAN ,,. TAPI BANTUAN  BENCANA HARI KETIGA BARU NYAMPE. PADAH DITEMPAT BENCANA SANA ANAK,, PADA TERDAMPAR DIATAP RUMAH , .SAMPAI KEMARIN ."
Sri Mulyani Indrawati,"Ketauan belang y nih manusia,,,,, sudah jelas dia gak berpihak ke rakyat,,,, gila kau Sri,,, rakyat menderita gegara manusia bunglon"
Purbaya Yudhi Sadewa,Anggota DPR udah tau kalian apa yg harus ditaroh di kepala ?
Sri Mulyani Indrawati,"Uang Rakyat pajak,banyak di dalam rumah tu"
Purbaya Yudhi Sadewa,"Ini menteri terbaik sepanjang sejarah, menteri pertanian dan menteri infrastruktur ahy, pak Imran Sulaiman menteri agama"
Purbaya Yudhi Sadewa,"Masya Allah...barokallah pak Presiden, semoga Allah SWT mempermudah urusanmu di dunia dan akhirat"
Purbaya Yudhi Sadewa,Bismillah Ya Allah.. Hasbunallah wani'mal wakiill..
Purbaya Yudhi Sadewa,Biasa pejabat pencuri uang rakyat takut pd pa Purbaya
Sri Mulyani Indrawati,ngak punya kebijakan.Pajak aza terus otak perempuan dajal sri mulyani
Sri Mulyani Indrawati,Coba kpk usut ibuk ini..
Sri Mulyani Indrawati,Gila deh untung udah diganti
Sri Mulyani Indrawati,Bu Mentri makin tua bukanya makin bijak. Malah makin mencekik rakyat kecil. Anggota POLRI TNI HIDUP DI TANGGUNG NEGARA. coba klo mereka hidup cuma ngandelin gaji kaya warga sipil. Pasti mereka jg brontak di cekik seperti ini
Sri Mulyani Indrawati,Jangan sombong srimulyani yg gaji kalian Rakyat makan duit rakyat
Purbaya Yudhi Sadewa,Makanya yg kaya Bahlil copot sudah..ğŸ˜®
Sri Mulyani Indrawati,Ibu mentri mafia pajakğŸ¤£ğŸ¤£ğŸ¤£
Purbaya Yudhi Sadewa,"Harusnya sih maluğŸ˜‚ğŸ˜‚ğŸ˜‚ğŸ˜‚ğŸ˜‚
Gak ngerti tapi maksa nanya wkwkwk . Susah sih klo pertanyaan nya titipan ğŸ˜‚"
Sri Mulyani Indrawati,"Yang dipermasalahkan aliran pajak,untuk pejabat2 saya gak ridho.kerjanya gak bener,suruh memakmurkan rakyat,harga bahan2 pokok murah2.malah pemerintah memperkaya diri mereka sendiri,lewat pajak.pake otak bu"
Purbaya Yudhi Sadewa,"Dari sekian bnyak mentri, hanya mentri Amran, purbaya, & syafri yg di respek masyarakat.. Lainya zonk"
Purbaya Yudhi Sadewa,"Bapak Purbaya.menku kita sangat tegas  bicara nya jelas,&. Sukses menjalankan tugas nya,Allah slalu menjaga Bapak menku,Amin...?"
Purbaya Yudhi Sadewa,Lo kaya pengamat olah raga . Kerja kagak yalain aja . Kt nya wakil kok begitu tingkahnya kaya anak TK gak mau d salahkan hanya bisa menyalahkan . Kontribusi Lo apa sekarang LG Bersi bersih aparat . Yg nakal .
Purbaya Yudhi Sadewa,Jangan takut dengan siafun yang jadi fengkhianat bangsa rakyat bersama mu kalau fak furbaya baya di usik olih mafia
Sri Mulyani Indrawati,"Hallaaahhh ttp sm yg sdh2 yg dibahas gk afa kmajuan ttp ttpan pres lama , mbulet2 trs gk2 ada prubahan , nunggu gabung mahasiswa negara kaya bergantung pd apbn trs sumber2 dr alam kemana?"
Sri Mulyani Indrawati,I hope Sri Mulyani goes to hell as soon as possible
Sri Mulyani Indrawati,Copot aja sri mulyani ngomong aja nggak jelas
Purbaya Yudhi Sadewa,"Sri Muliani melindungi oligargi dan termul""nya Jokowi, bersukurlah pak Prabowo memecatnyağŸ‘ğŸ‘ğŸ‘ğŸ‘"
Purbaya Yudhi Sadewa,"Smg pk Purbaya sht dan sllu dinlindungi ALLAH SWT, AMIN..ğŸ¤²ğŸ¤²"
Sri Mulyani Indrawati,Stop bayar pajak
Sri Mulyani Indrawati,"Kl gak mundur ... Pecat saja.

Udh tua .. Pensiun.. gnti yg muda yg amanah"
Purbaya Yudhi Sadewa,"Purbaya vs partai = partai vs RAKYAT.
Maju terus pak Pur,
Rata2 umur manusia skrg 70 tahun.
Gunakan sisah 10 tahun lagi umurmu untuk modal akhirat pak Pur. 
Kesempatan gak datang berkali-kali ğŸ‘ğŸ‘ğŸ‘
Semangat pak Pur ğŸ‰"
Sri Mulyani Indrawati,Gak asik rumah si dewa pajak di jaga TNI ğŸ˜‚
Purbaya Yudhi Sadewa,Istimewaaaaah
Sri Mulyani Indrawati,NGGAK MEMPAN BU PAJAK DAKWAH APAPUN SIAPAUN DIMANAPUN YG DAKWAH LANGSUNG PAKAI SAHKAN UU PERAMPADAN ASET UU KORUPSI.MISKINKAN INI JELAS BILA PERLI HUKUM MATI.BUKAN OMON OMON LANGSUNG JLNKAN  TERUTAMA YG NYANGKUT KEU MILYARTAN TRILYUNAN KOROPSI APBN DIRANCANG YO BEGITU JELAS.MUTAR KEPENTINGAN MAFIA KORUPSI JADI APBK ANGGARAN BELANJA PEMASUKAN KORUPSI
Purbaya Yudhi Sadewa,Gk habis pikir kok ada pihak jowi.. emang siapa jowi.. kan presidenna prabowo..
Purbaya Yudhi Sadewa,Barusan ada Menteri Menkeu sesantai ini gayanya banyak senyum tidak kaku ğŸ˜ŠğŸ˜ŠğŸ˜Š
Purbaya Yudhi Sadewa,Purbaya hebat
Purbaya Yudhi Sadewa,Penilaian Rocky tulus. Semoga pak presiden realistis dgn pak Purbaya
Purbaya Yudhi Sadewa,"Kami mendukung anda pak !?
Pertamina dan bea cukai itu bak sarang penyamun."
Purbaya Yudhi Sadewa,"Biarkan aja para dogie menggonggong ,,,jgn dihiraukan Pak Purbaya,,,ğŸ˜‚ğŸ˜‚"
Sri Mulyani Indrawati,Kebijakan t41
Sri Mulyani Indrawati,Buang uang femi fukungan tapi akhirnya lebih buruk dari yg lain
Purbaya Yudhi Sadewa,"Persis Kayak Anak Saya, GenZ.
Padahal pinter,..Mereka punya gaya dn kemauanNya Sendiri.
Alhamdulillah skrg sdh mandiriğŸ˜Š"
Sri Mulyani Indrawati,Kalau tidak ada guru tidak mungkin bisa duduk jadi Mentri ke uangan jadi jangan menghina guru
Sri Mulyani Indrawati,"copot srimulyani rakyat tidak respek lagi sama orang ini.

jangan sok alim srimuliany kerjamu hanya bikin sengsara rakyat kecil indonesia saja.

mundur srimuliani tidak ada gunamu jadi kabinet indonesia.

srimulyani copot muak dengar srimulyani bicara di publik suka tunda tunda bantuan ke rakyat malah buat peraturan pajak pajak pajakin rakyat terus kamu srimulyani punya malu kamu srimulyani.

di sini rakyat indonesia banyak yang miskin kamu jangan usik terus rakyat indonesia.

srimulyani harus di periksa apakah mulutnya bisa di pertanggung jawabkan ...
kemapa selalu merasa kurang terus pemasukkan indonesia yang kaya ini padahal rakyat indonesia bayar pajak tiap detik. di kemanain uang pajak.


uang sitaan dari korupsi ratusan teriliun di kemanain."
Purbaya Yudhi Sadewa,Menyala â¤
Purbaya Yudhi Sadewa,Mantap
Sri Mulyani Indrawati,J3mbuttt mu bu
Sri Mulyani Indrawati,"Wong pinter, wong pinter. Pintere nggo minteri wong cilik. ğŸ˜¢"
Purbaya Yudhi Sadewa,"Ganyang para koruptor dn para pengemplang pajak, P Pur jadi harapan rakyat,"
Purbaya Yudhi Sadewa,Betul pak anggaran tak berkelanjutan.lht aja jln cm tu pertahun.jd itu2 aja kerjaan
Purbaya Yudhi Sadewa,Semoga gebrakan pak Purbaya membenahi keuangan negara yg lebih baik yg dapat mensejahterakan rakyat hususx rakyat kecil...dan pajak dapat dihapus.
Sri Mulyani Indrawati,"Yaa mundur ajaaa bu Sri. Perjuangan anda menjaga keuangan negara ini sama sekali gak dihargai oleh manusia bejad. Biarkan ajaa uang negara ini dijarah oleh penguasa ituuu... Biarkan aja rakyat tercekik. Biarkan aja yg kaya semakin kaya dan miskin semakin miskin. Pahala ansa udh byk jaman pak jokowi, skrg negara dikuasai hantu yg gak jelas. Selesai bu SRi, terimakasih karena telah menjaga uang megara 10 thn ini."
Purbaya Yudhi Sadewa,Maju terus pantang mundur pak
Purbaya Yudhi Sadewa,*Yang tidak mendukung kebijakan menkeu* Purbaya. Silahkan angkat kaki dari Indonesia.
Purbaya Yudhi Sadewa,Assalamualaikum.Pak mohon dengarkan suara rakyat.semenjak ada MBG .semua pedagang dan usaha pada mengeluh sepi.gak ada yg beli .Bagaimana Pak kalau MBG . Di tiadakan mending di transfer ke orang tua saja.karna orang tua lebih mengerti apa yg makanan kesuka'an anaknya Pak.
Sri Mulyani Indrawati,"Di zaman SBY 1triliun Dana century hilang tampa penjelasan.. 
Rezim jokowi 7000 Triliun hutang negara melimpah ,Itu tanda tdk ada keseriusan srimulyani dlm mengelola ke uangan negara... Di Jaman prabowo Dia lagi jd Mentri keuangan negarağŸ˜…ğŸ˜…ğŸ˜…ğŸ˜…"
Purbaya Yudhi Sadewa,Memang prabawa orang pinter makanya milih mentri yang orang pinter kaya  PURBAYA DAN AHY  MEMANG SEKOLAHNYA LULUSAN AMIRIKA BENER  GAK PALDSU
Sri Mulyani Indrawati,"Mundur aja bu..jasamu sangat besar buat negara, tp tetap aja dihujat org2 ga paham ttg pemerintahan..."
Purbaya Yudhi Sadewa,sehat selalu... presiden Ri
Sri Mulyani Indrawati,Kenapa dulu BPK diam aja
Sri Mulyani Indrawati,Kekayaan mu itu seharusnya untuk negara
Purbaya Yudhi Sadewa,Kalau kita percaya bahwa pak Purbaya berbuat untuk bangsa dan negara artinya siapa yang menghalangi kebijakannya pak Purbaya berarti mengganggu ekonomi rakyat dan harus bersikap.kalau saya sangat percaya pak Menkeu kita ini sangat cinta kepada bangsa dan negara.
Purbaya Yudhi Sadewa,Gayanya sombong tapi mmg udah bekerja sangat baik bahkan menteri terbaik....ga ada lawan ni org...lanjutkan
Sri Mulyani Indrawati,Century apa kabar ibu
Purbaya Yudhi Sadewa,pak mentri kebanggaan gue niğŸ‘ğŸ‘ğŸ‘
Sri Mulyani Indrawati,"Jika guru beban negara, kemudian murid di sekolah    beban siapa ya? ğŸ˜¢ Siapa lg yg mau memikirkan nasib guru2 kita ? ......tetap semangat bp & ibu guru...namamu akan selalu hidup dalam sanubari ğŸ‰â¤"
Purbaya Yudhi Sadewa,"Sebenernya simple pemikiran seorang bendahara.atau pak menteri purbaya. Seperti skala rumah tangga. Kita semua alami
Ini uang belanja dek. Sayang atau anakku 
Ini  kebutuhan. Keluarga kita satu bulan. 
Umpama 4 juta 
Gunakan secara efisiensi.
Artinya sesuai kebutuhan bukan mengurangi kebutuhan . 

Beri laporan. 
Evaluasi

Kalau kau kurang akan kutambah. 

Dan kalau lebih kembalikan.. 
Itukan pemikiran yg sangat islami. Dimanapun. Dan kapan pun ini sangat sangat bagus . Hemat pangkal kaya broo

Sangaat simple. 

Bukan seperti selama ini 
Bukan rahasia umum . 
Tiap tahun dimanapun.instansi kantor dinas. Pemerintahan dan perusahan plat merah. BUMN. 

Kalau akhir tahun sisa anggaran. 
Habiskan kawan kawan. Kita buat acara acara apa aja asal habis anggaran . ( Kan bego. Ini lah ladang korupsi dan pemborosan ..level buyan kan lebih baik bayar hutang . Atau kumpulkan bangun fasilitas umum yg lebih bermanfaat.. ini tidak malah melaporkan rugi tiap tahun. ğŸ‘ğŸ‘ Plis deh. Jadi lah orang yg amanah )"
Sri Mulyani Indrawati,"Zakat dibayarkan dri yang mampu untuk bagi yang kurang mampu. Kalo pajak dan zakat disamakan. Brati yang wajib bayar pajak hanyalah kalian para pejabat, kalangan konglomerat dan orang2 kaya saja sebaiknya karena yang akan menerima hasil pajak tsb dari golongan kami yg tergolong masyarakat kurang mampu. Mungkin begitu maksud dari bu menteri yg terhormat sri mulyani ğŸ˜‚"
Purbaya Yudhi Sadewa,"Setuju sm pemikiran narsum pak Pur hrs jauh lbh ati2 dlm statement(walo kynya aga ssh krn itu murni karakter),krn musuh dia buanyak&besar smua, bahkan yg lbh ngeri adl org yg terdekat di lingkaran pak Pur yg bs jd musuh dlm selimut, berharap bgt stafnya ato bahkan istrinya bs srg2 ngingetin demi keselamatan pak Pur sndr, krn jgn smpe niat baik&mulia pak Pur akhirnya hrs terhenti cm krn kesalahan bicara yg dijadikan bahan empuk sm musuh2â€™y"
Sri Mulyani Indrawati,Pintu terbuka lebar2...
Sri Mulyani Indrawati,"Emang anda ini amanah ??? Selama anda menjabat anda sendiri menzolimi Rakyat Indonesia....dengan menaikan Pajak habisan sampai2 kemiskinan dimana2, Presiden Bilang Kemiskinan menurun pengangguran berkurang tapi boong ... omong kosong"
Purbaya Yudhi Sadewa,"Tuhan Yesus akan memberkati P. MENKEU, kerja keras untuk NKRI, berantaskan mafia MIGAS, BEACUKAI, PAJAK, DLL"
Sri Mulyani Indrawati,Menteri tai...rakyat ri masih banyak yang melarat....menteri guoblokkkk...tai tai menteri kontol....
Purbaya Yudhi Sadewa,"Selain Menteri Keuangan Pak Purbaya, Jarang2 Menteri mengucapkan Salam dan Puji syukur Atas Khendak Allah SWT, Yg ada pikiranya Politik dan Duit Pdhal stelah Lengser jabatanmu Hanya Satu Yg tersisa dlam hidupmu Yaitu Tuamu, Sakitmu, Dan Matimu dan saat  sudah di posisi itu kamu mulai berfikir Bahwa Allah Yang menentukan Nasib Kematianmu, Jika Matimu Berat yaitu di sebabkan prilakumu sendiri. 
Semoga Pak Purbaya Sehat selalu dan Semoga  Allah menjagamu merawatmu sebagaimana engkau merawat dan memperjuangkan ekonomi Masyarakat agar Rakyat kedepanNya Hidup Makmur."
Sri Mulyani Indrawati,Pake dulu kudung mu baru bicara islam
Purbaya Yudhi Sadewa,Kang Purabaya dari Bogor untuk Indonesia
Purbaya Yudhi Sadewa,Orang yang tidak suka dengan purbaya itu jelas orang orang yang mentalnya rusak karena ngga suka orang jujur
Sri Mulyani Indrawati,Mentri dan DPR adalah sampah jalanan
Purbaya Yudhi Sadewa,Tau kan kenapa waktu rusuh rumah Sri Mul di jarah itu karena ulah dia sendiri kejam nya luar biasa otak nya cuma pajak pajak pajak rakyat sekarat di peras sampai mampus
Purbaya Yudhi Sadewa,Jangan gubris para pencoleng
Purbaya Yudhi Sadewa,Menkeuâ¤â¤â¤â¤â¤
Sri Mulyani Indrawati,Sri Mulyani gak bisa kerja untuk rakyat
Purbaya Yudhi Sadewa,Para pejabat yg tidak suka menkeu adalah kelompok  pki gaya baru itu pendapat sy pribadi
Sri Mulyani Indrawati,Ada CD sama BRA bekasan Bu menteri yang sdh pada rombeng berarakan ğŸ¤£ğŸ¤¦ğŸ»â€â™‚ï¸
Sri Mulyani Indrawati,"menkeu sri mulyani sudah mulai STREEsssss
Kelamaan jadi mentri... ğŸ˜‚"
Purbaya Yudhi Sadewa,"#SavePURBAYA
#OutMAFIA"
Sri Mulyani Indrawati,"MEMANG NYATA SEMUA LAGU-LAGU BANG IWAN FALS.... 
DARI MULAI DI KRITIK TIDAK MAU SAMPAI DENGAN ORANG KAYA MAKIN TAMBAH KAYAğŸ‡®ğŸ‡© DAN YANG MISKINğŸ‡®ğŸ‡© MAKIN TERCEKIK... 

SEKARANG KAMI RAKYAT INDONESIA ğŸ‡®ğŸ‡© SADAR DAN TAHU... DI NEGARA KAMIğŸ‡®ğŸ‡© BANYAK ORANG PINTAR, NAMUN SULIT MENEMUKAN ORANG JUJUR ğŸ˜

THANKS BANG IWAN ğŸ™ğŸ™ğŸ™"
Purbaya Yudhi Sadewa,"Alhamdulillah, Ibu Puspa sdh kembali. Tks Bapak Presiden Prabowo"
Sri Mulyani Indrawati,Sri gala Mulyani ini emang pinter bohongi rakyat dan pejabat lainnya
Purbaya Yudhi Sadewa,Gmn rakyat mari bantu pk purbaya
Purbaya Yudhi Sadewa,"Meski pk mentri banyak musuhnya ...semoga ALLAH. Sll dlm lindungan NYA , Amin ...soale q tkut ,bangt biasane orang jujur itu hrs  di singkirkan ...dngn cara apapun ....soale jadi peng halng...!!"
Purbaya Yudhi Sadewa,Mantap pak Purbaya lanjutkan ğŸ‘ğŸ‘ğŸ‘ğŸ‘ğŸ‘ğŸ‘ jangan sampai ragu2
Sri Mulyani Indrawati,Pengecut.. bisanya petantang petenteng aja.. palak sana palak sini.  Saat di samperin ngumpet di ketek tni..
Sri Mulyani Indrawati,Minta maaf aja deeeeeh ribet amat
Purbaya Yudhi Sadewa,Maju terus pak mentri  rakyat bersamamu
Purbaya Yudhi Sadewa,"Saat in memeng kita hrus brsatu pak roki, bukan mlsha kekoboian, siapa yg hrus saya andalkan pak roki, lma2 mati konyol ğŸ˜‚"
Purbaya Yudhi Sadewa,"Sehat selalu Pak, In Syaa Allah jalannya sudah baik pak, tinggal eksekusinya.
Semangat Pak Prabowo, Semoga Allah melindungi dan memberkahi apak dan anak buah bapak."
Purbaya Yudhi Sadewa,"apa kabar sri, pertanggung jawabannya mana ni?"
Purbaya Yudhi Sadewa,"Jangan pernah mundur Pak Purbaya... 
Kebenaran tak kan pernah tertutup... 
Bongkar aj topeng topeng manipulatif pejabat korupsi,"
Purbaya Yudhi Sadewa,"PURBAYA DI LAWAN. 
WASPADA KITA SEMUA . JANGAN MAU DI ADU DOMBA. 
MASA LALU JANGAN TERULANG KEMBALI"
Sri Mulyani Indrawati,Bangun rumah besar hasil dari memeras rakyat
Purbaya Yudhi Sadewa,"Ya Allah SWT,, sehatkan & lindungilah Bpk Presiden Prabowo & Para Menteri, TNI, POLRI yg bekerja keras & amanah untuk rakyat, Bangsa & Negara."
Purbaya Yudhi Sadewa,Mantap bapak jangan diampuni.
Purbaya Yudhi Sadewa,"Konoha selama ini cuma korban Neo-Imperialisme Modern lewat Metode Asymetric War Proxy War lewat teknik2 :
1. Sistem Ekonomi/Politik Neo-Liberalisme.
2. Sistem Demokrasi Liberal Kebablasan.
3. Mass Mind Control lewat Penggalangan Opini Media-Media Mainstream.
4. PengOrbitkan Puppet Goverment (anak negeri sendiri) sebagai Pengganti Gubenur Jendral beserta bala tentara Kolonialnya.
    Kesuksesan Obitkan Puppet Goverment lewat kombinasi Sistem Demoktasi Liberal Kebablasan + Braind Stroming Media2 Mainstream.

Apa itu Neo-Liberalisme !
1. Penguasaan Bank Sentral suatu negara via Federal Reserved.
2. Corporate Power --> Korporasi2 lokal yg merupakan perpanjangan kaum Neo-Imperialisme dibuat Powerfull lewat kebijakan tidak adil dari Puppet Goverment.
3. Eksploitasi (rampok) SDA.
4. Eksploitasi SDM.
5. Extend Eksploitasi Pasar domestik negara tersebut.

Sistem Neo-Liberalisme di launching pertama kali tahun 1986 oleh Presiden Amrik Ronald Reagen, PM Inggris Margareth Teacher & Pemimpin China Deng Xiaoping."
Sri Mulyani Indrawati,Sri Mulyani meteri keuangan cuma akal2 biar bisa ambil pajak dari rakyat dengan memeras rakyat
Purbaya Yudhi Sadewa,"Sy pernah dipimpin dgn karakter kerjanya seperti pak pur.

Ngepress bawahan, gak boleh ada kesalahan ringan sekalipun di departementnya. Klo semua sudah sesuai kemauan beliau, selanjutnya beliau ngepush departement lain.

Negatifnya : karyawan tertekan banget, dipenuhi rasa wasÂ² setiap melakukan sesuatu.

Positifnya : banyak ilmu, banyak pengalaman, kerja lebih berkualitas. Itu baru kita sadari setelah beliau resign.

Terima kasih atas ilmunya pak, semoga tambah sukses ğŸ™ğŸ™"
Sri Mulyani Indrawati,lkurang lagi kl njarah ....masih banyak tuh harta sri mulyani
Purbaya Yudhi Sadewa,Inilah pak porbaya bapak Mentri yg hebat mudah mudahan dengan adanya bapak menteri keuangan yg ini ekonomi Indonesia jadi baik' dan makmur
Purbaya Yudhi Sadewa,Purbaya belum jelas hasil kerjanya jangan dipuja dulu nanti besar kepala dan dimanfaatkan untuk tebar pesona demi capres dan cawapres 2029
Purbaya Yudhi Sadewa,Masih banyak lahan basah para koruptor secepatnya Pak Pur kejar jgn Sampek hilang jejaknya sikat rakyat dibelakang Mu Pak
Purbaya Yudhi Sadewa,Rakyat harus mendukung kebijakan Menkeu Purbaya karena ini merupakan salah satu visi dan misi presiden Prabowo sehingga rakyat harus mendukung presiden dan mengkeu untuk perbaikan ekonomi negara.
Purbaya Yudhi Sadewa,"Komentarnya banyak yg ngomong percaya pak Pur kita pasti dukung pak Pur,tapi kepercayaan macam apa yg kalian percayai ? Dan dukungan apa terhadap pak Pur ? Gimana cara kalian melindungi pak Pur?"
Purbaya Yudhi Sadewa,Menteri perdagangan mana suara nya??
Purbaya Yudhi Sadewa,Sebagian rakyat Indonesia juga ngerti ada politik ekonomi hanya saja jgn sampai menyengsarakan ekonomi rakyat dg korupsi yg masif di kalangan pejabat dan politikus beserta koloni mereka... ğŸ˜¢
Sri Mulyani Indrawati,"Ini bukan penjarahan,ini sita aset koruptor,pemerintah ngak pecus Masya bergerak sita aset koruptor"
Sri Mulyani Indrawati,HERAN ORANG KAYAK GINI DIPERTAHANKAN....PAJAK DIMANA MANA....HUTANG NEGARA DIPERBESAR...DHOLIM DHOLIM
Sri Mulyani Indrawati,Pjabat2 nga bbankn krakyat kciL yg ga tau apa?2
Purbaya Yudhi Sadewa,"Di lapangan masih banyak roko ilegal Pa, di jual bebas di pinggir jalan, di Jakarta lagi"
Sri Mulyani Indrawati,"Disini jeleknya,sudah jelas bikin susah rakyatnya masih di lindungi"
Sri Mulyani Indrawati,Woy kalau kita ngga ada guru ngga muking kita bisa sepeti ini
Purbaya Yudhi Sadewa,"Kalau tidak melakukan pelanggaran kenapa takut,saya tidak takut pa. Purbaya mau ngomong apa saja silahkan karena saya tidak melakukan pelanggaran........ Insyaflah para pencuriiiiii"
Purbaya Yudhi Sadewa,Lanjut...pak menteriğŸ‘
Purbaya Yudhi Sadewa,Yg ngomentari pak Purbaya harus di usut duluan pasti ada udang dibalik REMPEYEK. Maju terus pak Purbaya presiden dan rakyat mendukung anda
Sri Mulyani Indrawati,Bajak laÃ¹t
Sri Mulyani Indrawati,Kabeh2 kok pajeki aee
Sri Mulyani Indrawati,guru mendidik anak anak kita
Sri Mulyani Indrawati,Hinaanmu sjngguh biadab. Kmu udah menghona guru yg juga orng tua kmi
Sri Mulyani Indrawati,"Ustazah pajak lg ceramah,ga usah bw2 agama,"
Purbaya Yudhi Sadewa,Alhamdulillah.. klo kebocoran anggaran bisa ditutup â…“nya aja bisa lunasin semua hutang 1 periode.. potong tangan para maling anggaran dan hukum mati semua penghianat.. 100 thn negara ga perlu hutang..! ğŸ˜‚
Sri Mulyani Indrawati,Sri mulyani fir aun fersi thn 2000
Purbaya Yudhi Sadewa,Ternak nenek lampir setelah 10 th membisu sekarang belajar mbacot.
Sri Mulyani Indrawati,Woiii gak usah mkn gratis tapi pendidikan yg gatissssss srimulayani
Purbaya Yudhi Sadewa,Realisasi knaikan gaji pensiunan  aja gak jelas dan apa yg diandalkan?
Sri Mulyani Indrawati,Walah gawat  klo ibu sudah berpidato  pasti DEPISIT
Sri Mulyani Indrawati,Semoga pengganti Sri Mulyani bisa bagi2 uang buat rakyat ..bisa mensejahterakan rakyat kecil.turun kelapangan biar tau nasib rakyat .jgn cuma bisa majak doang
Purbaya Yudhi Sadewa,harusnya setiap pemimpin baru melakukan pembersihan orang orang lama...
Sri Mulyani Indrawati,"Katanya orang pintar, menganggap guru sebagai Bean negara, tapi ibu GK bisa membedakan mana zakat, mana pajak..ğŸ˜ŠğŸ˜ŠğŸ˜Š"
Purbaya Yudhi Sadewa,"sesuai kebijakan pemerintah barat, uang rakyat kita di simpan di luar negeri,  Singapura cuma cabang barat. 
pemerintah kita sebagai pemerintahan boneka barat cuma nurut aja. daerah daerah di paksa tetap miskin supaya tidak memberontak. semua sesuai kebijakan barat. 
itulah negara Indonesia yg sebenarnya !
berbahagia lah Timur Leste sudah merdeka, 20 tahun lagi Timur Leste bakal melampaui Indonesia. 
Aceh ? Papua ? Maluku ?  kpn  bisa melepaskan dari cengkraman rezim?

tuh lihat ! para pejabat korup kita pada sibuk bikin kunjungan keluar negeri , pengen jilat jilat negara barat buat kepentingan oligarki, 
sedih lihat y..."
Purbaya Yudhi Sadewa,Maju terus P Pur Allah akan melindungi pejabat jujur amien
Sri Mulyani Indrawati,Ini anggota DPR 1dari 100 anggota yg jujur ğŸ˜‚ğŸ˜‚ğŸ˜‚
Sri Mulyani Indrawati,Hadeh....omon omon tok.. gedabrush Kabeh..... rakyat lapar...tolong Carikan pekerjaan untuk hidup...... ğŸ¥´ğŸ¥´ğŸ‘ğŸ‘ğŸ‘ºğŸ’¸
Sri Mulyani Indrawati,Lu tanpa jasa guru ga bisa apah2 dan ilmu2 yang lu dpt skrng itu karna jasa guru...gua pernah jadi guru lu dan lu ga tau perjuangn seorng guru mendidik murid2nya sperti apah
Purbaya Yudhi Sadewa,Dialog substansial. Efektif mengedukasi pemirsa ğŸ‘
Sri Mulyani Indrawati,Hehehe....masa guru di katakan beban negara...bukannya koruptor....ya SMG BNR hoax...stdknya yg nyebar perlu di usut
Purbaya Yudhi Sadewa,"Pemimpin berjiwa nasionalis, Semoga Allah SWT Memberikan umur panjang berkah, Aamiin Yaa Rabbal 'aalamiin..ğŸ˜Š"
Sri Mulyani Indrawati,Omon omon
Purbaya Yudhi Sadewa,BAGI KAMI SBG RAKYAT.....GA PENTING JADI MENTR BERPRLILAKU SOPAN ..JAGIM....TAPI KELAKUANNYA KAYA IBLIS....TAPI MENCEKIK RAKYAT DNGN PAJAK....MEMBUAT HUTANG BESAR DEMI DRINYA DAN KRONINYA
Purbaya Yudhi Sadewa,"Sehat2 selalu untuk pak Purbaya dimudahkan untuk menjalankan tugas negara dan selalu dlm lindungan Allah SWT,"
Purbaya Yudhi Sadewa,Setuju pakâ¤
Purbaya Yudhi Sadewa,Pahlawan indonesia yg bs menyelamatkan harta NKRI. Pak purbaya semoga sehat selalu biar indonesia bertambah maju
Sri Mulyani Indrawati,"parah nih ...!!! 
_Oknum_DUNGU_RADIKAL_Pecandu_RIBA_Laknatulloh...!!! 
ALLAH TIDAK PERNAH meng_HALAL-kan Penguasa-memungut_PAJAK...!!! _DUNGU_RADIKAL_meLawan ALLAH...!!! 
Hisab dan Adzab Allah PASTI...!!! 
Allahuakbar...!!!"
Purbaya Yudhi Sadewa,Semoga Pak Purbaya Selalu dalam Lindungan Alloh SWT ğŸ’š
Purbaya Yudhi Sadewa,Akan Membangun jembatan di seluruh pelosok Indonesia tahun 2026 semoga lancar. Alhamdulillah. Hebat presiden prabowo nyata untuk rakyat. semoga  sehat panjang umur.
Sri Mulyani Indrawati,Sri Mul kont0l
Sri Mulyani Indrawati,Jelas bgt itu suara si mak erot sri mulyani
Sri Mulyani Indrawati,Prestasi utang yang melekat pada ini orangğŸ˜‚
Sri Mulyani Indrawati,Gajelas banget itu nene peyot.
Sri Mulyani Indrawati,Klo gak ad guru kau gak akan jadi mentri ğŸ˜¢
Sri Mulyani Indrawati,BEDA ANTARA PAJAK & ZAKAT NENG ....
Purbaya Yudhi Sadewa,Jalanin aja dulu kuliah bener 5-6 tahun masalah kerja ngikutin yang penting kita peofesonal di bidang yang di pelajari ğŸ‰ğŸ‰
Purbaya Yudhi Sadewa,Sekarang aja dampak masih pak sepi .....dagang makin sepi
Sri Mulyani Indrawati,"Ini nenek bicaranya tidak pakai data seenak dia,yg dengar pusing"
Purbaya Yudhi Sadewa,"Jaman termul
Real sektor/pemerintah yg jumlahnya cuma 10 % dari jumlah masyarakat berjalan,
 Tapi yg  private sektor/masyarakat sipil yg jumlahnya 90% melambat/diam,
Percuma ngebut bangun jalan tol, yg lewat tidak seberapa bayarnya mahal,uang di korup, uang cuma muter muter di pemerintahan saja,

Jadi yg di dahulukan itu harus privat sectornya karena mencakup seluruh masyarakat yg menggerakan ekonomi di seluruh indonesia, kalau privat sector lancar, barulah ke real sector."
Purbaya Yudhi Sadewa,Dengar BKN k dengar Prexiden menkeu
Sri Mulyani Indrawati,Mboseni berita lama di ulang ulang.. Ini th 2024.
Purbaya Yudhi Sadewa,MAINKAN MEREKA ITU PAK MENKEU BIAR TAU RASA MEREKA
Sri Mulyani Indrawati,"Hanya omon2...
Bereskan aja yg korupsi..."
Purbaya Yudhi Sadewa,KALO TIDAK SALAH MENTRI ITU DIGAJI YAH? WAJAR KL PUSING MIKIRIN GAK ADA YG ISTIMEWA PA BIASA ZA MAU SAKIT KEPALA MAU GMNA2 MENTRI KAN DIGAJI
Sri Mulyani Indrawati,Mewah banget rumahnya. Itu hasilnya sendiri ato pajakğŸ˜‚ğŸ˜…
Purbaya Yudhi Sadewa,"Mrinding saya dengernya..
Barokah pak presiden Allahuma lancar programnya..amin"
Purbaya Yudhi Sadewa,"Presiden e tulus dan berpihak pada rakyat kecil
Tinggal menteri dan birokrasi yg lain ayo krj tulus jgn korupsi sj"
Purbaya Yudhi Sadewa,Masya Alloh2semoga presiden dambaan rakyat dan para menteri nya dlm lindungan Alloh SWT AAMIIN3yba
Sri Mulyani Indrawati,"Klw guru beban negara dewan perampas hak rakyat, itu  tanggun jawap negar ibu yg terhormat"
Sri Mulyani Indrawati,Cepot sri mulyani
Purbaya Yudhi Sadewa,Gurunya sejahterakan....
Sri Mulyani Indrawati,Dimana mana ada maling serakah..... Hukum abu abu...banyak PHK.semua barang naik..pajak mencekik......hadeh..ğŸ˜¢ğŸ˜¢ğŸ¥´ğŸ‘ğŸ‘ºğŸ’¸
Purbaya Yudhi Sadewa,Keterbukaan Pak Purbaya membuat mereka yang terbiasa di zona nyaman tersinggung karena kawatir kebuka boroknya
Sri Mulyani Indrawati,"Pecat sehlgera sri mulyani, biang kegaduhan selama ini."
Sri Mulyani Indrawati,"jangan berbohong. menambah dosa. minta maaf saja Ibu, sungguh menyakitkan. rejam jejak dulu pegawai negeri juga di bilang  begitu. suka merendahkan orang tidak baik Ibu. dan kebijakan Ibu pajak ke rakyat kecil, artinya menyengsarakan rakyat. Ibu mundur saja. tanpa cinta kasih mau dibawa kemana keadilan sosial mensejahterkan rakyat."
Purbaya Yudhi Sadewa,Sehat selalu bapak presidenâ¤â¤â¤
Sri Mulyani Indrawati,Dasar Sri mulyono
Purbaya Yudhi Sadewa,Mentri yang dibayar 2M  ( Makasih Mas ) ğŸ˜‚
Sri Mulyani Indrawati,"permudah dunia usaha apa prakteknya  ???????????????????????????????????????????????????????
dari bikin siup aja da dipalak kalo ga lama keluarnya,trus pas pabrik buka,kena pajak2x dari A sd Z, blm trmsk byr ormas,kena demo buruh2x yg mrasa da dukung mr p,trus kena efek impor ilegal dan efek keran impor dari tiongkok, dan nol persen brg AS,blm termasuk barang2x toko sering kena colong anak dibawah umur krn pd pengangguran.
kata para pengusaha : TAEKLAH"
Purbaya Yudhi Sadewa,Siapa tau pak purbaya ingin cari kayu silahkan hubungi kita
Purbaya Yudhi Sadewa,Bapak Prabowo Subianto presiden idola rakyat Indonesia â¤
Purbaya Yudhi Sadewa,Apa yang dikatakan Almarhum Rizal Ramli Sri Mulyani itu bukan Menteri Keuangan Terbaik yang tepatnya Menteri Keuangan Terbalik sedunia.
Sri Mulyani Indrawati,Mentri koplok sekarang akun komentar ig nya di privat takut banget di hujat mul.
Sri Mulyani Indrawati,Cari cari alasan
Sri Mulyani Indrawati,Lapangan pekerjaan???
Purbaya Yudhi Sadewa,Ketulusan Pak Presiden untuk negeri ini sangat terasa
Sri Mulyani Indrawati,Hoax
Sri Mulyani Indrawati,Jgn kasi mundur srh pertanggung jawabkan utang negara dgn jokowi yg sdh hambur2kan duit negara selama 10thn
Sri Mulyani Indrawati,"PAJAK ITU MENCURI UANG RAKYAT SECARA PAKASA bahkan ngomong ajah harus dipajaki yah itu Para Anggota DPR mereka Ngomong saja Rakyat harus Kasi pajak kepada mereka Jutaan
Pajak itu Semuanya diembat bahkan Fakir miskin saja diembat 
Zakat: Fakir miskin tidak diharuskan membayar zakat justru mereka yang menerima zakat dan belum lagi 8 golongan orang susah yang dikasih jakat caritahu sendiri sajalah BERBEDA dengan pajak MERAMPAS kepemilikan RAKYAT secara paksa HUKUMNYA HARAM
Waduh belum lagi tahun ini pajak naik pula suguhan saya tidak Ridho
#.di pemerintah imarah Islam diafganistan itu bahkan jika Tidak ada plat nomor selama mematuhi lalulintas tidak akan ditilang BERBEDA dengan KONOHA SEMUANYA DI EMBAT Ndak iklas saya harus ke Samsat terus wong itu KENDARAANNYA SAYA"
Purbaya Yudhi Sadewa,Ayo kita kaya bersama-sama
Sri Mulyani Indrawati,Kita rakyat yg bayar pajak pejabat dn koruptor yg menikmati..
Sri Mulyani Indrawati,Ternyata setan juga bisa tausiyah ğŸ˜…ğŸ˜…ğŸ˜…ğŸ˜…ğŸ˜…ğŸ˜…
Purbaya Yudhi Sadewa,rugi garong ga nyenggol ga makanğŸ˜‚ğŸ˜‚ğŸ˜‚
Purbaya Yudhi Sadewa,KLO Msalah tangkap dan adili baru mantap
Purbaya Yudhi Sadewa,Hidup jadi tenang jika di pimpin persiden Prabowo. Sukses slalu dn panjang umurâ¤ amin yrb
Purbaya Yudhi Sadewa,Uang standby bencana 200 trilyun dibancakin purbaya dan gengnya. Hari ini disumatra ratusan orang mati. Ratusan ribu orang kekurangan sembako dan bahan pangan. Uang bencana sudah ludes dibantai purbaya dan gengnya di perbankan. Makanya penanggulan gan bencana makin miris
Sri Mulyani Indrawati,Buzzer pembela penguasa . Sri Mulyani Beban Rakyat se Indonesia
Purbaya Yudhi Sadewa,Di Bali banayak pak presiden perlu jembatan jembatan khususnya di Kab Karangasem dan banyak tanah yg abrasi
Sri Mulyani Indrawati,WawğŸ˜®
Sri Mulyani Indrawati,"Rakyat mau dimanipulasi pejabat.dgn kata2 manis dilapisi hukum agama.
Zakat disamakan pajak ??
Belajar agama dulu Sri !!"
Purbaya Yudhi Sadewa,Purbaya dimusuhi pada Maling dan Penghianat Bangsa
Purbaya Yudhi Sadewa,Ud jelas gk ada uang masuk lg mereka mknya nyerang pak purbaya
Purbaya Yudhi Sadewa,"Yg benci P. Purbaya.. Mereka psra pejabat Koruptor.... Jumlahnya terlalu bsnyak.. Mereka sesungguhnya Penjahat Bangsa.. Hukumannya Tembak Mati.. Jadi bukan dikubur hidup"" atau digilas Mesin Giling.. spt yg disarankan Ifrit yg datang dari Neraka...!!!"
Sri Mulyani Indrawati,Hukum seberatâ€ nya sri mulyani
Purbaya Yudhi Sadewa,"Terimakasih,
Semangat .. pak *Purbaya Yudhi Sadewa* 
Terus berkarya untuk bangsa dan negara,
Kiranya TUHAN menyertai dan menolong, memberikan kesehatan dan kekuatan,aminğŸ™."
Sri Mulyani Indrawati,PAHLAWAN KESIANGAN
Purbaya Yudhi Sadewa,Mang ngglelenge Bapak Menkeu kita inih. Love bangetâ¤â¤â¤
Purbaya Yudhi Sadewa,Anggota DPR semuanya sudah gila
Purbaya Yudhi Sadewa,Sy dukung n setuju pak purbaya lebih baik GK usah MPG
Sri Mulyani Indrawati,Mundur saja  bu
Purbaya Yudhi Sadewa,Sekarang Pak Menkeu udah tegas dihancurkan Presiden Prabowo jadi Purbaya tak perlu lagi tegas tegas percuma saja tegas  tapi yg hancurkan Presiden sendiri?
Purbaya Yudhi Sadewa,Di kontrak sama Rakyat Indonesia Menteri Keuangan Sampai Mati
Purbaya Yudhi Sadewa,jangan turuti aturan DPR otak DPR tu busuk ..bubarkan DPR ..BIKIN NAIK DARAHNYA RAKYAT
Purbaya Yudhi Sadewa,Masa bank konminjam uang ketaspen 800 miliyar ini menurut ak gila banknya
Sri Mulyani Indrawati,"ok klo itu hoax,knp pajak2 dinaikan bu"
Sri Mulyani Indrawati,"Guru pensiunan,PNS kantor pensiunan, polisi pensiunan, tentara pensiunan, DPR adalah beban negara membuat rakyat miskin semakin miskin,,,,,,, ğŸ–•
Negara Indonesia adalah negara goblok....... Tidak seperti negara China
Negara China harus di tiru dalam mensejahterakan rakyatnya.... tuntut lah ilmu sampai ke negeri China ( hadis nabi muhammad saw)"
Sri Mulyani Indrawati,Jongosnya pelanggar HAM yang namanya prabowo.
Purbaya Yudhi Sadewa,"@forumkeadilan TV, bahas dong perkara PT LAPINDO (lumpur Lapindo) bagaimana kelanjutannya ?"
Purbaya Yudhi Sadewa,"Ujung nya malah nyuruh w4fres gerak. Pak, liat kondisi IQ dia aja miris. Dia gerak aja udah macem kyk org mabok gak jelas arah nya mau ngapain"
Sri Mulyani Indrawati,ğŸ˜¢ğŸ˜¢ğŸ˜¢ğŸ˜¢ğŸ˜¢ğŸ˜¢
Purbaya Yudhi Sadewa,Coba Mentri Keuangan kaya Pa Purbaya dari dulu udah makmur Negara kita Koruptor ga meraja Lela anjir ka
Purbaya Yudhi Sadewa,menteri yang cerdas
Purbaya Yudhi Sadewa,"Mantap pak, basmi dan maju terus rakyat butuh sejahtera, uang negara harus kembali, hukum berat dan minimal seumur hidup."
Sri Mulyani Indrawati,Mulut menjijikkan..setiap nongol pajak2 yg dibahas. Pemeras rakyat
Sri Mulyani Indrawati,"ğŸ˜‚ğŸ˜‚klu jaga duit rakyat  berarti kita punya duit dong buk,tapi kok kita ngutang trus,yg di jaga apa nya bukğŸ˜‚ğŸ˜‚ğŸ˜‚"
Purbaya Yudhi Sadewa,Ternyata banyak orang pintar seperti pak purbaya.yg belum dapat kesempatan eksis.y.
Purbaya Yudhi Sadewa,Betul tuh... Ketidakpastian yg tinggi... Krna jika mreka skolah 5-6 tahun dan pemerintah sudah brganti pmimpin.. belum tentu mreka yg akn di tugaskan...
Sri Mulyani Indrawati,Perpres 79 th 2025
Sri Mulyani Indrawati,Aku pulak emosi dengar menteri ni kata guru beban negara. Tanpa guru xkan ada generasi pemikir yang akan memajukan negara indonesia. Adoiii ada pulak memteri mentality macam ni
Purbaya Yudhi Sadewa,Mentri Keuangan terbaik
Purbaya Yudhi Sadewa,"Sehat selalu pak Purbaxa petbatikan pak semua rakyat In
donesia yg tdk ada pendiun seperti di neg. Maju sana . Tetap sehat pak Pur ğŸ‰"
Sri Mulyani Indrawati,"sekecewa ini kah rakyat kepada wakilnya, mereka di gaji besar oleh negara untuk memeras rakyatğŸ˜¢ğŸ˜¢"
Sri Mulyani Indrawati,Sri Mulyani otaknya seperti Benjamin Netanyahu
Sri Mulyani Indrawati,Tidak  ada bantuan pajak aza yg di omongin bikin emosi
Purbaya Yudhi Sadewa,Pak Prabowo sudah memilih orang yg tepat...dg memilih pak Purbaya...ğŸ‘
Sri Mulyani Indrawati,Anda sendirilah beban negara hutang semakin menggunung
Sri Mulyani Indrawati,Ngitungo Sampek bloloke. Matane PODOAN kalo Meleng HUKUM EKONOMI MORALE ALLAH YG SESUNGGUHNYA TIWAS BIKIN ESTIMASI. KARENA YG SDH TERJADI EKONOMI MORAL SYARIAH DAN BANK SYARIAH YG ADA ITU MASIH SYARIAH SYARIAHAN. ILMUNE MACET. YG ADA BALAPAN LICIG NGEJAR JABATAN KARO NGEJAR DUIK RAMPASAN KORUPSI.  SELAMA MASIH ADA OPLOSAN DGN EKONOMI KAPITALIS GAK BAKAL UNTUNG. BUNTUNG SING ONOK. EKONOMINE. MUNYER2 KOYOK GASING. MUMET TOK ISINE. MUNYER AE KOYOK ROLL BLADE.  KATENA DAH DI SETUNG SEDEMIKIAN RUPA DLM LINGKARAN CIRCLE E IKU IKU AE ORA ISO NEMBUS BATAS. SLL MBETHETI RAKYAT ISOR. PAJEK PAJEK DSB DST. DSB BUNGA DR PRODUK MEKAR YG BANYAK MAKAN KORBAN.
Purbaya Yudhi Sadewa,"Saya suka pak purbaya ,,orangnya enjoy seperti ga ada beban.
Biasanya orang seperti pak pur tidak takut dipecat kalau dia merasa benar.
Beda orang yg kerjanya ga jujur ,, ga tenang dan selalu gelisah."
Purbaya Yudhi Sadewa,"Beda bangat liat prabowo ngomong ama jokowi ngomong
Andai dlu prabowo ga di curangin jokowi, pasti indonesia sedikit lebih baik"
Purbaya Yudhi Sadewa,Koruptor yg berkumpul di Senayan pura2 sok jujur soal pajak...rakyat udah cerdas bro...
Sri Mulyani Indrawati,Kebijakan pal jelek KY geng solo
Purbaya Yudhi Sadewa,Seperti BPK SOEHARTO cara berpikirnya BPK PRABOWO.beliau mengedepankan perkembangan generasimu dan kesejahteraan rakyatnya
Sri Mulyani Indrawati,Ceramah gedabrus
Purbaya Yudhi Sadewa,"Very nice for the Minister of Finance, Mr. Purbaya Yudi Sadewa, please keep up the spirit for the Republic of Indonesia, the price is fixed, steady, gass poll, okay?"
Purbaya Yudhi Sadewa,Ekonomi..memble
Purbaya Yudhi Sadewa,Mantaaaaf humoris  ceplas ceplos nya berani krn kebenaran fakta nya nampak nya seperti lugu lurus  mengaku sbg Abunawas  versi IndonesiağŸ˜‚ğŸ˜‚ğŸ˜‚  gaya nya  memang kocak ... tapi  kerja serius dgn kecerdikan nya yg lucu... yaa gaya Abunawas..ğŸ˜‚ğŸ˜‚ğŸ˜‚ğŸ˜‚
Sri Mulyani Indrawati,Kamu beban rakyat
Purbaya Yudhi Sadewa,Gaya Lo pak Purbaya gokillğŸ˜€ğŸ‘ğŸ‘
Purbaya Yudhi Sadewa,Mantap pak purbaya bubarkan dpr
Sri Mulyani Indrawati,Maksud tni disitu ngapain...dikasih sogok an juga mungkin ini ..makak nya mau mauan jadi kucing oleh sri...luar biasa ..kata nya TNI berpihak ke rakyat kok malah jadi kucing
Purbaya Yudhi Sadewa,"Semoga amanah, mengedepankan kepentingan bangsa,bukan untuk segelintir orang yg memegang jabatan, orang orang zalim harus musnah"
Purbaya Yudhi Sadewa,"jadi sebagai rakyat, kita yg harus beckup pak purbaya ,buat lengserin cawek2 partai..setuju.."
Purbaya Yudhi Sadewa,Serahkan saja masaalah ekonomi kpd bapak Benix yg pakar ekonomi dan saham.
Purbaya Yudhi Sadewa,Alhmdllh semoga cepat terwujud..
Sri Mulyani Indrawati,HOAX ?
Purbaya Yudhi Sadewa,"RG too cuma omon omon, gak ada karya too"
Sri Mulyani Indrawati,Termasuk
Sri Mulyani Indrawati,"Dulu sri muliani terlihat cantik n angun
Skrng terlihat spt nenek sihir"
Sri Mulyani Indrawati,Tempek mu ğŸ˜®
Purbaya Yudhi Sadewa,Heran sama yang selalu bilang Cuma omon* padahal mereka sendir saya sangat yakin kalau diberi kesempatan  jadi pemimpin satu 100 hari - 1 tahun tuntaskan masalah negeri ini Gak bakalan selesai.
Purbaya Yudhi Sadewa,gas pol pak pur...
Sri Mulyani Indrawati,"Punya agama tp tak tau aturan agama yg dianut, dan digunakan utk pembenaran.
Miris..."
Sri Mulyani Indrawati,BODO AMAT!!!
Sri Mulyani Indrawati,KEMAJUAN PEMERINTAH = KEMUNDURAN RAKYATMU
Purbaya Yudhi Sadewa,"WNI ke luar negeri cari kerja kebanyakan dapatnya kerja sektor informal atau pekerjaan level menengah. Di saat yg sama industri di +62 impor TKA yg diklaim sbg star ahli, padahal WNI yg lebih ahli banyak. Kenapa anggota DPR ndak bisa memahami fenomena itu??? Blok, goblok!!!"
Sri Mulyani Indrawati,Gaji pensiunan katanya naik...sudah ada infonya valid belum
Purbaya Yudhi Sadewa,PURBAYA YUDHI SADEWA PRESIDEN KE 9 RI
Sri Mulyani Indrawati,Sri Mulyani mengada2. Dalam kepalanya yang ada hutang... hutang dan hutang.
Sri Mulyani Indrawati,MUNDUR TERATUR LEBIH BAIK.SUDAHBTERLALU LAMA BISA BAHAYA.BISA MEMPERMAINKAN PEMBUKUAN DAN LAPORAN KEUANGAN
Purbaya Yudhi Sadewa,Maju trus pak Menkeu TuhanğŸ‰
Purbaya Yudhi Sadewa,Ibu Sri mungkin kong xkong sama ank buahnya x
Purbaya Yudhi Sadewa,Enak minta diampuni pajak
Purbaya Yudhi Sadewa,Satu lawan lima gak ngaruh kata purbaya
Sri Mulyani Indrawati,Menteri dan dpr sama2 gk bisa dipercaya... dagelan semua... tipu2... bullshit
Purbaya Yudhi Sadewa,Kami suka dgn cara pak purbaya.....yg di lakukan bapak purbaya benar.....
Sri Mulyani Indrawati,"Jadi kaya jaman kerajaan,rakyat disuruh kasi upeti buat raja. Demokrasi kah?"
Purbaya Yudhi Sadewa,Jika p. Purbaya sampai dicopot dari menkeu dipastikan seluruh Indonesia akan terjadi kerusuhan
Sri Mulyani Indrawati,Prabowo kejam sama rakyat miskin
Purbaya Yudhi Sadewa,"Karena mereka melihat dari yang sebelum2 nya..bukan orang2 terbaik negri yang dipake di pemerintahan ,malah yang deket dengan penguasa,para penjilat dan yg ada hubungan keluarga lah yang malah masuk di pemerintahan"
Purbaya Yudhi Sadewa,"Terlihat letih dan kurang tdur. Ini mantap, terlihat bnar2 berfikir dan bkerja. Semoga sesuai dengan apa yang saya fikirkan. Trus maju pak purbaya"
Sri Mulyani Indrawati,"Mamam tuh yg bilang ""guru beban negara""ğŸ¤£ğŸ¤£"
Purbaya Yudhi Sadewa,Wapres di aktifkan ? ğŸ˜‚
Sri Mulyani Indrawati,"Cocok ibu ini disandingkan dengan Netanyahu,pasti pas"
Purbaya Yudhi Sadewa,Yg kepanasan artinya takut kehilangan kadang yg g halal
Sri Mulyani Indrawati,"Ahli fiskal, tp bikin ekonomi mati suri.. ampun bu menteri"
Sri Mulyani Indrawati,"Telat pak , lebÄ±h baiklah drpd nggak dijaga samasekali"
Sri Mulyani Indrawati,"Utang negara yang rakyat harus tanggung untuk saat ini sekitar 30 juta perorang,akibat ulah pejabat,masihkah berdiam saja."
Sri Mulyani Indrawati,lu biaron anak buah lu kprupsi
Purbaya Yudhi Sadewa,"MENTERI PURBAYA DAN JAJARANNYA TERJUJUR TERBAIK
ğŸ™ğŸ»ğŸ‘ğŸ»ğŸ‡®ğŸ‡©â¤ğŸ˜ŠğŸ¤²ğŸ»"
Purbaya Yudhi Sadewa,"Pk Purbaya pro memajukan ekonomi rakyat dan bkn spt kalian hanya menigisi perut kalian, contoh Nikel bandara morowali tdk jelas siapa yg bertanggug jawab dan tambang2 hslnya, krn pengusa kantongi sendirai."
Purbaya Yudhi Sadewa,"Dan skrg orang tua gak pada mau belanja Pak. Bener"" skrg semua orang merasakan dampak dari MBG Pak.kasihan pengusaha kecil pada  gak laku Pak."
Purbaya Yudhi Sadewa,Sebenarnya uang rakyat 10 tahun terakhir ini banyak dipake pemerintah u/ bangun banyak infrastruktur di pinggiran. Tp pihak yg anti pemerintah malah justru memfitnah presiden korupsi. Padahal bendungan yg dibangun di jaman Jokowi hampir 22 bendungan dimana satunya saja biayanya minimal 1 triliun
Sri Mulyani Indrawati,Ustadzah Molyani sedang ceramah padahal dia sendiri tidak transparansi
Sri Mulyani Indrawati,Ibu yang beban negara
Purbaya Yudhi Sadewa,Entar klo pajak udah terkumpul gampanglahhhh
Sri Mulyani Indrawati,Mending mundur jika tidak becus menjadi wakil rakyat
Sri Mulyani Indrawati,"Mual aku dengar nya omongan Mentri yg satu ini,tidak sesuai dgn faktanya,omongan nya manis tapi pahit kenyataanya,"
Sri Mulyani Indrawati,Kppk dh dbuangg sukurr nnkbshrr
Purbaya Yudhi Sadewa,Orang baik selalu dimusuhi orang orang jahat
Purbaya Yudhi Sadewa,pateenn kandaaa
Sri Mulyani Indrawati,Dari hasil tambang aja sudah mencukupi kebutuhan negara.kemana uangnya?
Purbaya Yudhi Sadewa,Gas pul pak
Purbaya Yudhi Sadewa,Pak Purbaya semoga bisa membentuk perubahan Ekonomi Negriku yg lebih baikğŸ¤²ğŸ¤²
Purbaya Yudhi Sadewa,Rakyat audah muak tak percaya lagi sg DPR dari dulu sampai saat ini cuma omon omon
Purbaya Yudhi Sadewa,"Ditambah cuma modal orang tua,, bisa jadi wapres... Makin jadi itu gen z,,, ngapain sekolah tinggi2,, kalah ama orang dalam"
Purbaya Yudhi Sadewa,"Luhut layak di pwriksa ,tambang ,perkenunannya sangat luas"
Purbaya Yudhi Sadewa,"Mantap, tetap semangat selalu pak Purbaya, kerja demi rakyat dan bangsa Indonesia kedepannya lebih baik lagi."
Purbaya Yudhi Sadewa,"Kerja Pak Purbaya di ""OKEY'i Pak Presiden PRABOWO....jadi Pak Purbaya Tangan Perpanjangan Pak Presiden.....Silahkan ...lawan Pak Presiden Yang ingin Rakyatnya  menikmati Pasal 33 di UUD ""45.... Lanjut dan Libas kaum penghambat pelaksanaan Pasal tsb sesuai Sila Keadilan Sosial bagi Seluruh Rakyat Indonesia.....Ingat bukan hanya pemikiran Bung Karno tapi Juga Bung Hatta....Bung Soemitro dan pejuang seangkatan.....Lanjutkan!!!!!"
Purbaya Yudhi Sadewa,Pak Purbaya the best deh..
Purbaya Yudhi Sadewa,"Gua masih mau hidup. Mau komentari pemerintahan juga ngeriÂ² sedep skrng, walaupun ada nya kebebasan berpendapat. Yang berpower semoga bisa mewakili deh. 
Males di track dan kena intimidasi lalu klarifikasi. ğŸ¥±ğŸ˜"
Purbaya Yudhi Sadewa,Semoga Allah senantiasa melindungi panjenengan sekeluarga.... panjenengan... pelindung hak rakyat....pagi ini kt dapet pengembalian pajak.... rasanya seneng banget....bisa buat tambal tambal belanja....
Sri Mulyani Indrawati,"Duta perpajakan Indonesia,,nenek lampir,,"
Sri Mulyani Indrawati,Sumpah pocong aja
Purbaya Yudhi Sadewa,Yng nyerang 0ejabar korub ya..atau pejabat yng lahan basah nya di tahan pak mentri
Sri Mulyani Indrawati,Sudah Sri Mul jngn cm jaga duit rakyat yg nyatanya uang dikorupsi dibagi koruptor termasuk d instansimu kalau benar masa hutang negara melejit dipakai apa berarti lalai itu mendolimi rakyat nya itu ndus mu bahasa setan
Sri Mulyani Indrawati,"Makanya, jadi pejabat klw membuat kebijakan dipikir baik 2 jgn cuma mau mensejahterakan pejabatnya saja, pikirkan rakyat yg hidupnya sangat susah dan miskin, akhirnya nya rakyat kecewa dan marah"
Purbaya Yudhi Sadewa,"Terimakasih Pak Porbaya, Bp. telah berjuang untuk bangsa ini dengan cerdas dan tulus"
Sri Mulyani Indrawati,Najis liat mukanya sliweran terus
Purbaya Yudhi Sadewa,"Cawe cawe dari Mentri2 yg ada kepala partai itu apa?bahaya? Kenapa bahaya? ğŸ™„
Pak Purbaya sih orang nya suka bersih2..
Kebersihan adalah sebagian dari Iman..bersih itu sehatğŸ˜‡ğŸ˜Š
Biar bersih sehat yah Indonesia bersih dari korupsi dan rakyat sehat dri sisi ekonomi dan kemakmuran.Aamiin..
Semngat Pak Purbaya.. rakyat mendukungmu..."
Sri Mulyani Indrawati,Tukang pajak tapi nggak bisa  meredam korupsi
Purbaya Yudhi Sadewa,Kroni jokowi lbp adi srif sri m hatihati jokowi korupsinya fibongkar jokowi n kelompoknya mengadakan perlawsnan
Purbaya Yudhi Sadewa,"Alhamdulillah... sungguh Mulia Bapa Presidenku ini, Bapa Presiden Tercinta..."
Sri Mulyani Indrawati,Mukanya Sri nyebelin yağŸ˜…
Purbaya Yudhi Sadewa,38:05 puncak komedi ğŸ˜‚ğŸ˜‚ğŸ˜‚ğŸ˜‚ğŸ˜‚
Purbaya Yudhi Sadewa,"Mari Rakyat Indonesia. Kita bantu pak Prabowo selalu dalam Doa. Diberi Kesehatan dan selalu di berikan orang orang terbaik dan tulus oleh Tuhan, dalam ikut mengatur negara tercinta ini. Amin"
Purbaya Yudhi Sadewa,Kalau ada 10 Mentri seperti pak Purbaya..yakin indonesia terhebat Dunia
Sri Mulyani Indrawati,Pecat saja mentri membuat rakyat sengsara gara-gara pajak
Sri Mulyani Indrawati,Perempuan gak sadar diri kalau dirinya gagal menjadi pesuruh rakyat yg benar
Purbaya Yudhi Sadewa,Kalian para mafia ingat lah  pak purbaya punya dukungan penuh dari rakyat Indonesia
Purbaya Yudhi Sadewa,Habisi tikus-tikus  bangasa agar manusia indonesia tidak Ter kontamunasi manusia DARI TIKUS NEGARA ..OK
Purbaya Yudhi Sadewa,"Semangat pak Menkeu.. 
di zaman sekarang, yg benar memang banyak yang benci.. seandainya manusia tidak mampu menyelamatkan bapak dari mereka, percayalah Allah SWT akan selalu menjaga dan melindungi Bapak.. Aamiin.."
Sri Mulyani Indrawati,Pengurusnya beban rakyat berarti
Purbaya Yudhi Sadewa,Baru sadar ternyata pak Purbaya ini mirip sama Sumitro bapaknya Prabowo jago ekonomi dan berani banget ambil keputusan tanpa takut sama sekali
Sri Mulyani Indrawati,. Kmu bisa baca nulis karna guru. Astaqfirllah. Semoga Allah. Memberimu teguran kpdmu Bu sri. Amiin.
Purbaya Yudhi Sadewa,"tapi selalu begitu siapapun sosok di negri ini, buka.. lalu ditinggal pergi.  Akhirnya nga kelar kelar juga begitu tau kalao yang beking Luhut, 9 naga, atau partai dan temen sendiri.
contoh, kemaren kritisi rokok cukai mahal tapi ngak jadi bongkar, orang bea cukai ketawan ngopi mana sekarang follow up nya, trus proyek luhut yang kemarin ngak dikejar juga, pertamina kemaren gimana kabarnya??.. 
 
ya mudah2an kali ini ngak php. sy bukan nyalahin purbaya tapi badai yg dilawan selalu lebih kuat akhirnya yg coba bener kebawa angin juga.. cape soalnya kalo cuma php aj.  jokowi , mahfud, ahok, erik tohir dulu juga awalnya gitu tapi akhirnya skrg omong doang semua"
Purbaya Yudhi Sadewa,Sudah tau infonya daah ternyata oooh ternyata.... Pantas pantas
Sri Mulyani Indrawati,"Bu Sri...GAJI KE 13 KAPAN...KOK KAMI NGGAK PERNAH DENGAR ?
APAKAH KAMI TERLEWAT BERITANYA KRN BANYAKNYA BERITA2 VIRAL DI NEGRI 1001 MIMPI INI ?"
Purbaya Yudhi Sadewa,Sehat selalu bpk Purbaya.â¤
Sri Mulyani Indrawati,Terus puan maharbabi jarah jangan lupa
Purbaya Yudhi Sadewa,"*RG sedang memberi pesan kepada Prabowo supaya full 100% backUp Purbaya*
Itu point nyaâ˜ï¸"
Sri Mulyani Indrawati,"Uang pajak itu adalah uang haram,semoga yang mengutip uang pajak itu semoga betul2 di haramkan Allah dan merek2 yang memakan uang pajak itu diyaumil mansyar nnti merek akan merasakan Azab dari Allah, Aamiin ğŸ¤²"
Purbaya Yudhi Sadewa,Pak klo kasih makan anak anak pake mecin.. Sama aja boong pak.. Bego bego juga anak bangsa kita
Purbaya Yudhi Sadewa,Ya ALLAH Hamba Mohon KepadaMu Keselmatan Kesehatan Panjang Umur Perlindungan Untuk Presiden Kami Pak Prabowo serta pembantu2 beliau yg Jujur Adil Amanah Utk Kemakmuran Rakyat Bangsa Negara NKRI begitu juga utk Inteletual Ilmuan serta Rakyat yg Membela Pk Prabowo. Doa ini Tidak Utk TERMUL. Projo dan Jongkodok serta pengikut2 nya.
Purbaya Yudhi Sadewa,Jarang pak roky memuji orangğŸ˜®
Purbaya Yudhi Sadewa,"kelasszz presiden, gw awalnya dukung anies sekarnag liat ga nyesel yang kepilih pak prabroro"
Purbaya Yudhi Sadewa,Kebijakan kebijakan yg berpihak pada rakyat dan Statement statement yg positif adalah kunci pertumbuhan ekonomi
Purbaya Yudhi Sadewa,Menteri keuangan srymuliani harus segera diperiksa.  Uang masuk keluar dia tau semua.
Sri Mulyani Indrawati,Pajak naik lagi ??
Sri Mulyani Indrawati,"Tanpa guru...nggak akan ada orang pintar
Dan jangan sombong semua hanya titipan...dari Alloh tunggu tanggal mainnya pasti musnah semua....sekedar ada gempa sibuk mencari perlindungan kesana kemari....se x  lagi jangan sombong."
Sri Mulyani Indrawati,Membual. Hingga kini mana  program P3sangon dan gaji naik dan rapel bsgi ASN dan Pensiunan. Hinggal hqnya.omon2 kosong. Sebagai Menkeu seumur hidup mana hasilnya untuk ASN dan Pendiunan.
Purbaya Yudhi Sadewa,sangat mulia hati presidenku
Purbaya Yudhi Sadewa,Menulis tegak bersambung. Kalian tau kapan tamat tulisan itu? Gak ada lagi saya temui.
Sri Mulyani Indrawati,Guru tkg pangkas n dosen tanpa jasaaaaa
Sri Mulyani Indrawati,Percaya ke Bandit !!!
Sri Mulyani Indrawati,IBLIS BETINA DI PERCAYA
Sri Mulyani Indrawati,Otw
Purbaya Yudhi Sadewa,"Gara2 pak purbaya gw jadi belajar investasi. 
Sedikit2 belajar investasi mulai dari dari rekaadana, obligasi, saham. 
Modal cuma 100 ribu udah bisa investasi.... 

Gampang banget caranya. Udah mulai keliatan uangnya numbuh pelan2. Daripada ditabung malah uangnya makin kurang nilainya. 

Terima kasih pak pur.... â¤"
Purbaya Yudhi Sadewa,"Wahai anggt DPR yg terhormat, kalian jangan cuma bisa minta laporan dan ngomong sj, turun ke lapangan, liat keadaan rakyat gmn? 
Pajak dari rakyat, sekarang rakyat lg kesulitan. 
Dagangan sepi, petani hasil panen juga tdk terserap pasar dengan baik. 
Boro2 mikin pajak, beli beras buat makan saja kadang ada kadang ga ada. Mikir kalian"
Purbaya Yudhi Sadewa,Pak Purbaya dilawan...yg lain jadi ciut....semoga Allaah menolong dan melindungi beliau...aamiin
Purbaya Yudhi Sadewa,"""Memang selama ini kita ga becus.""

Maksudnya tuh menteri sebelumnya kalik yağŸ˜‚"
Sri Mulyani Indrawati,Sri Ghala berbulu Menkeu ğŸ˜¡
Sri Mulyani Indrawati,Anggaplah misalkan itu hoax editan AI. Tapi srimulyono pasti setuju dgn omongannya itu ğŸ˜‚
Purbaya Yudhi Sadewa,ayo kita buat indonesia kayak amerika. mantap pak
Sri Mulyani Indrawati,Tap8 syg bukan u/ rakyat tapi hanya u/ para pemimpin n itu Bu srimul ngerti trs dimana letak keadilan u/ rakyatnya
Purbaya Yudhi Sadewa,Bukan keadaan burung disangkar bos.kebijakan pak Purbaya .yg benar bagi hajat orang banyak.yg tidak setuju itu yg mau menipu Rakyak.
Purbaya Yudhi Sadewa,Pak roko ilegal masih banyak pak bredar di pasaran..
Sri Mulyani Indrawati,EMPREEEEEEEEEEEEEEEEEEEEEEEEEETTTTTTTTTTTTTTTTTTTTTTTTTTTTTTTTTTTTTTTTTTTTTTTTTTTTTT.......
Sri Mulyani Indrawati,"ğ‘²ğ’ğ’ğ’”ğ’†ğ’ğ’•ğ’“ğ’‚ğ’”ğ’Š ğ’”ğ’‚ğ’‹ğ’‚ ğ’‘ğ’‚ğ’…ğ’‚ ğ’‘ğ’†ğ’ğ’ˆğ’†ğ’”ğ’‚ğ’‰ğ’‚ğ’ ğ’–ğ’ğ’…ğ’‚ğ’ğ’ˆÂ² ğ’‘ğ’†ğ’ğ’šğ’Šğ’•ğ’‚ğ’‚ğ’ ğ’‰ğ’‚ğ’“ğ’•ğ’‚ ğ’Œğ’ğ’“ğ’–ğ’‘ğ’•ğ’ğ’“.
ğ‘·ğ’†ğ’“ğ’•ğ’‚ğ’ğ’šğ’‚ğ’‚ğ’ ğ’‚ğ’ğ’ˆğ’ˆğ’ğ’•ğ’‚ ğ‘«ğ‘·ğ‘¹  ğ’Šğ’ğ’Š ğ’–ğ’“ğ’ˆğ’†ğ’ğ’”ğ’Šğ’ğ’šğ’‚ğ’— ğ’‚ğ’‘ğ’‚, ğ’ğ’†ğ’”ğ’Œğ’Š ğ’Šğ’•ğ’– ğ’”ğ’ğ’‚ğ’ ğ’‘ğ’†ğ’ğ’ˆğ’‰ğ’†ğ’ğ’‚ğ’•ğ’‚ğ’.....ğ’•ğ’‚ğ’‘ğ’Š ğ’‹ğ’‚ğ’…ğ’Š ğ’…ğ’†ğ’ƒğ’‚ğ’• ğ’šğ’ˆ ğ’ˆğ’‚ ğ’‚ğ’…ğ’‚ ğ’ğ’Šğ’ğ’‚ğ’Šğ’ğ’šğ’‚,,... ğ’„ğ’–ğ’ğ’‚ ğ’Šğ’”ğ’Š ğ’Œğ’†ğ’Œğ’ğ’”ğ’ğ’ğ’ˆğ’‚ğ’ ğ’…ğ’‚ğ’ ğ’ƒğ’–ğ’‚ğ’ğ’ˆÂ² ğ’˜ğ’‚ğ’Œğ’•ğ’–"
Purbaya Yudhi Sadewa,sebenarnya kelihatan siapa perusak dan siapa penyelamat negri ini
Purbaya Yudhi Sadewa,"Biarpun miskin tapi uang halal,dari pada kaya,tapi uang negara hasil korupsi, mantap pak Purbaya semoga sehat selalu amin â¤"
Sri Mulyani Indrawati,KALO ORANG BICARA KAYAK SAMBIL TERSENYUM N BIBIRNYA MIRING2 ITU UDAH G BAKALAN BENER ORANG ITU..BIARPUN ORANG ITU PINTER...ğŸ¤®ğŸ¤®ğŸ¤®ğŸ¤®ğŸ¤®
Purbaya Yudhi Sadewa,"Skrng pd ngerti kan kenapa bahlil masih mnjabat, padalah kerjanya aneh aneh dari prtambangan diraja ampat sampe bbm dicampur ini itu, bukannya prbaiki kualitas bbmnya.."
Purbaya Yudhi Sadewa,Pak purbaya idola ku abad ini..moga indonesia jaya maju di tangan pak prabowo n purbaya ğŸ˜Šâ¤
Sri Mulyani Indrawati,"Saya muak lihat ibu ini bicara ... jadikan dia ratu pajak Indonesia 
Penyiksa rakyat 
Pajak....pajak...pajak"
Sri Mulyani Indrawati,Lu yg JD beban Mulyani dan Mulyono.
Sri Mulyani Indrawati,Kalo ya hoak sini turun kaki bukan turun mulut...hadapi kami masyarakat Indonesia
Purbaya Yudhi Sadewa,semoga aakan ada banyak pak purbaya2 yg lain di pemerintahan kita agar indonesia masyarakatnya makmur
Purbaya Yudhi Sadewa,Bisa gak sih rakyat kucilkan partai ?? atau atau bentuk 2 partai aja jgn banyak2 biar isinya orang2 terbaik saja yg berpolitik..!!
Sri Mulyani Indrawati,"Sri Mulyani tidak pekah terhadap rakyat, mungut pajak membabi buta terhadap rakyat,"
Purbaya Yudhi Sadewa,"Yang tidak senang dengan kebijakan BPK Purbaya ,dia lah sesungguhnya penghancur negara indonesia , mereka senang berbagi hasil ,sementara kehadiran BPK Purbaya lebih ke kepentingan rakyat dahulu bukan anggota dewan yg sudah sangat enak dari dinasti ke dinasti , senang berpesta pora sementara rakyat masih banyk yg blum bisa makan selayaknya hidup normal , semoga azab Allah turun ga perduli MUI jika salah turunkan azab mu ya Allah"
Purbaya Yudhi Sadewa,"apa kita harus terima kasih sama mereka yg ""bertamu"" ke rumah mbak mul di malam hari bulan agustus?"
Purbaya Yudhi Sadewa,"Keributan politik Purbaya dengan Menteri dalam Kabinet Prabowo justru akan bisa menunjukkan kelemahan leadership Presiden.
Padahal masalah perbedaan bisa diselesaikan internal rapat kabinet.
Jika diselesaikan di medsos kesannya cuma sandiwara drama Korea berseri-seri.
Pertumbuhan ekonomi 6-7% belum terbukti tapi terlalu banyak polemik dan narasi politik.
Seperti Jokowi dulu ekonomi akan meroket.
Sudah 10 tahun belum meroket juga.
Rezim Prabowo kelanjutan Rezim Jokowi.
Beti
Beda tipis"
Sri Mulyani Indrawati,Lidah tidak tulang!?
Sri Mulyani Indrawati,"Uang rakyat dikurupp tiap tahun gak ada ketegasan hukum , tapi low bayar pensiunan negara merasa dirugikan aneh"
Sri Mulyani Indrawati,Lebih mulia p5k dr pd anda anying
Sri Mulyani Indrawati,"Saya lebih setuju, kalau msih ada jabatan rangkap , agar td ada lagi, karena selain penghematan, pemerataan juga apakah kalau jabatan rangkap tsb maksimal kinerjanya, contoh wamen menjadi komisaris salah satu BUMN."
Purbaya Yudhi Sadewa,"Judulnya perlu diganti bang
Pak Purbaya mulai diserang penjahat dan pelacur politik kotor ğŸ˜Š"
Sri Mulyani Indrawati,Semoga Bu Sri Mulyono sadar dan segera mengundurkan diri.
Sri Mulyani Indrawati,La kapan gaji pns dinaikan bu masa pns hidup menderita
Sri Mulyani Indrawati,"dari..rakyat...oleh..rakyat...U N T U K....rakyat...
...(al big boy)....."
Sri Mulyani Indrawati,Liat Profil Buk Sri Kaget Njirrr... Buanyak Banget Penghargaan Dia Dari Dunia Ekonomi. Dan Dia Wanita Satu Satu nya Dari Benua Asia Mantan Direktur Bank Dunia. Busyeett
Purbaya Yudhi Sadewa,BAHAYA MENG-AKTIFKAN WAKIL PRESIDEN WAKANDA SAAT INI. PAS-NYA YA DIKOTAK-KAN
Purbaya Yudhi Sadewa,wah. boleh jg sih analisis nya ini. pak purbaya musti baca signal ini
Purbaya Yudhi Sadewa,"Lanjut bersih2 u rakyat,smg Bp Purbaya d kelg sll sehat d dlm lindungan SWT.AamiinğŸ¤²ğŸ’ªğŸ‘ğŸ™ğŸ˜ƒ"
Purbaya Yudhi Sadewa,Serem ya mau jadi org jujur aja di atas sana taruhan nyawaâ€¦ ga d back up president mah uda kelar karirnyaâ€¦
Purbaya Yudhi Sadewa,Yg nggak suka byk dri kubu koruptor nampaknya
Sri Mulyani Indrawati,Udah viral baru takut .
Purbaya Yudhi Sadewa,1:22 Lintas batas Udara NKRI sama Singapore aja di libas ğŸ¤ªğŸ¤ªğŸ¤ªğŸ¤ªğŸ¤£ğŸ¤£ğŸ¤£ğŸ¤£
Sri Mulyani Indrawati,Bohong kalau tidak asli itu kArna takut di lengserkan
Purbaya Yudhi Sadewa,dulu mentri srimul ngapain aja ya? Pak Mentri Purbaya kelihatan kerja keras pro rakyat
Sri Mulyani Indrawati,banyak pak ogah dibiarkan. swontwolwoywo.
Sri Mulyani Indrawati,Ya alhamdulillah ni orang sudah ngak kepake...ni orang cocok klo ma bahlul..samaÂ² peak
Sri Mulyani Indrawati,Dan DPR adalah beban Masyarakat ğŸ˜‚
Sri Mulyani Indrawati,Berita. Di yutub itu. Editan palsu hookkkkk. Bohong. Yg bicara itu. Bukan manusia setan dari lobang kuburan kalau manusiah sekLi kali ada kebenranya berhubung bkn msnusia yg bicara itu timbul pembohonGan berkepanjangan admin yutub kurangajar membuat berita hoookkkkk
Purbaya Yudhi Sadewa,"Ga usah di denger  pa poer ....
Abaikan saja"
Purbaya Yudhi Sadewa,Menteri yg tanpa beban. Berpenampilan apa adanya. Tdk hrs membela partai tdk ada yg ditutup2i. Insyaallah hidupnya selalu sehat dan bahagia.
Sri Mulyani Indrawati,Bagus sono minggat ke luar negriğŸ˜‚ğŸ˜‚ğŸ˜‚ğŸ˜‚ğŸ˜‚ğŸ˜‚
